SetName,Department,Floor
Dr. Lad’s Personal Instrument Set,CARDIAC,3rd Floor
Cardiac Thoracotomy Set,CARDIAC,3rd Floor
Castaneda Vascular Set,CARDIAC,3rd Floor
Coronary Set,CARDIAC,3rd Floor
Coronary Instrument Set (Geister) – Adult Cardiac,CARDIAC,3rd Floor
Coronary Instrument Set (Geister) – Titanium,CARDIAC,3rd Floor
Endarterectomy Instrument Set,CARDIAC,3rd Floor
Manman Redo Saw Set,CARDIAC,3rd Floor
Manman Saw for Adult cardiac,CARDIAC,3rd Floor
Micro Instrument Set (JK Medical),CARDIAC,3rd Floor
Open Heart General Set,CARDIAC,3rd Floor
Redo Set,CARDIAC,3rd Floor
Retractor Rule Track,CARDIAC,3rd Floor
Scanlan Coronary Instrument Set for Adult Cardiac,CARDIAC,3rd Floor
Stryker Sternum Cutter with Guard,CARDIAC,3rd Floor
Valve Set,CARDIAC,3rd Floor
Vascular Set,CARDIAC,3rd Floor
Dr. Suresh Rao’s Personal Instrument / Coronary Set,PAEDIATRIC CARDIAC,3rd Floor
Dr. Mohanty Personal Instrument Set,PAEDIATRIC CARDIAC,3rd Floor
Paediatric Cardiac ECMO Set,PAEDIATRIC CARDIAC,3rd Floor
Paediatric Cardiac Set  Extras,PAEDIATRIC CARDIAC,3rd Floor
Paediatric Cardiac Set,PAEDIATRIC CARDIAC,3rd Floor
Paediatric Hegar’s Dilator Set,PAEDIATRIC CARDIAC,3rd Floor
Paediatric Micro Instrument Set – Extras,PAEDIATRIC CARDIAC,3rd Floor
Paediatric Micro Instrument Set,PAEDIATRIC CARDIAC,3rd Floor
Paediatric Open Heart Set,PAEDIATRIC CARDIAC,3rd Floor
Paediatric Re-Exploration Set,PAEDIATRIC CARDIAC,3rd Floor
Paediatric Valve Instrument Set,PAEDIATRIC CARDIAC,3rd Floor
Scanlan Neonatal Clamp Set – Titanium,PAEDIATRIC CARDIAC,3rd Floor
Scanlan Paediatric Clip Applying & Forceps Set,PAEDIATRIC CARDIAC,3rd Floor
ACL Block,ARTHROSCOPY,3rd Floor
ACL Set – New,ARTHROSCOPY,3rd Floor
ACL + PCL Set,ARTHROSCOPY,3rd Floor
Arthrex Knot Pusher & Suture Cutter Set (Curved / Straight),ARTHROSCOPY,3rd Floor
Acufex Director Elite ACL Drill Guide System,ARTHROSCOPY,3rd Floor
Acufex Director Set for Anatomic ACL Reconstruction,ARTHROSCOPY,3rd Floor
Arthrex Graft Sizing Set,ARTHROSCOPY,3rd Floor
Acufex Meniscal Stitcher Set,ARTHROSCOPY,3rd Floor
Basic Instrument Set for Arthroscopy – New,ARTHROSCOPY,3rd Floor
Basic Instrument Set for Arthroscopy (Karl Storz),ARTHROSCOPY,3rd Floor
Basic Instrument Set For Arthroscopy (Smith & Nephew),ARTHROSCOPY,3rd Floor
Cartilage Set For Dr. Pardiwala,ARTHROSCOPY,3rd Floor
Cannulated Drill bit set for Arthroscopy,ARTHROSCOPY,3rd Floor
Clancy Flexible Drill Guide Set,ARTHROSCOPY,3rd Floor
COMPACTION PLIERS SET,ARTHROSCOPY,3rd Floor
Ortho Micro Drill System,ARTHROSCOPY,3rd Floor
K/S Hip Arthroscopy Set,ARTHROSCOPY,3rd Floor
Knee Arthroscopy Set,ARTHROSCOPY,3rd Floor
General Inst. Set For ACL Case,ARTHROSCOPY,3rd Floor
Linvatek Shoulder Arthroscopy Set,ARTHROSCOPY,3rd Floor
Linvatec Spectrum Handle ll & Suture Hook Set,ARTHROSCOPY,3rd Floor
Mitek Knot Pusher & Cutter Set,ARTHROSCOPY,3rd Floor
Meniscus Repair Set,ARTHROSCOPY,3rd Floor
Mitek Arthroscopy Shoulder Set,ARTHROSCOPY,3rd Floor
Mitek Arthroscopy Small Joint Set,ARTHROSCOPY,3rd Floor
Remb Electric Saggital Saw System,ARTHROSCOPY,3rd Floor
Shoulder Arthroplasty Retractor Set,ARTHROSCOPY,3rd Floor
Shoulder Arthroscopy Set (OLD / NEW),ARTHROSCOPY,3rd Floor
Trufit Set,ARTHROSCOPY,3rd Floor
Anterior Cervical / Lumbar Laminectomy Set,NEURO,3rd Floor
Bayonnet Forceps & Suction Cannula Set,NEURO,3rd Floor
Burr Hole Set,NEURO,3rd Floor
V.P.Shunt Set,NEURO,3rd Floor
Cloward Retractor Set,NEURO,3rd Floor
Cusa 36khz integra,NEURO,3rd Floor
Debakey Forcep Sets (Neuro),NEURO,3rd Floor
Disc Forcep Set Neuro (Aesculap / Gesco),NEURO,3rd Floor
DEMO TUMOR HOLDING FORCEPS SET (Jayesh Surgical)(Aesculap),NEURO,3rd Floor
Extra Inst. Set For Neuro,NEURO,3rd Floor
Hudson Brace Set Aesculap,NEURO,3rd Floor
Hudson Brace Set Codman / AISCO Combined,NEURO,3rd Floor
K/S Endoscopic Holding System Neuro,NEURO,3rd Floor
K/S Endoscopic Transpenoid Pitutary Set,NEURO,3rd Floor
RIs Neuro Endoscopy ventriculostomy With Forward Telescope 6 Deg.,NEURO,3rd Floor
Kerrison Punch Set (Aesculap),NEURO,3rd Floor
Kerrison Punch Set (Biomedicon),NEURO,3rd Floor
Kerrison Punch Set (Rebstock),NEURO,3rd Floor
Kerrison Punch Set (Symmetry),NEURO,3rd Floor
Leyla Retractor Set (Aesculap/Codman),NEURO,3rd Floor
Mayfield Retractor Set,NEURO,3rd Floor
Neuro Medtronic Drill System (New),NEURO,3rd Floor
Metronic Cranial System,NEURO,3rd Floor
Metrtonic ENV Instrument Tray (ENT/Neuro),NEURO,3rd Floor
Metrtonic Spin Navigation Tray,NEURO,3rd Floor
Micro Bayonnet Scissor & Forcep Set,NEURO,3rd Floor
Neuro Micro Bayonet forceps Set (REBSTOCK),NEURO,3rd Floor
Ring Currete & Suction Set,NEURO,3rd Floor
Navigation Probe & Frame Set,NEURO,3rd Floor
Neuro Aneurysm Clip Applicator Set,NEURO,3rd Floor
Neuro Bone Graft Set,NEURO,3rd Floor
Neuro Casper Cervical Retractor Set,NEURO,3rd Floor
Neuro Craniotomy Set,NEURO,3rd Floor
Neuro Decompressive Craniotomy Set,NEURO,3rd Floor
Neuro Micro Instrument Set,NEURO,3rd Floor
Neuro Micro Set (NEW),NEURO,3rd Floor
Neuro Pitutory Instrument Set,NEURO,3rd Floor
Neuro Posterior Fossa Set,NEURO,3rd Floor
Neuro Trimline Anterior Cervical Dissectomy & Fusion Instrument Set,NEURO,3rd Floor
SEEG KIT SET For Neuro,NEURO,3rd Floor
Stereo Tactic MPS-ARCH Tray,NEURO,3rd Floor
Steriotactic Biopsy Needle Kit,NEURO,3rd Floor
Steriotactic System Model G- Grame set,NEURO,3rd Floor
Stryker Neuro Electrical Drill System,NEURO,3rd Floor
Stryker Pneumatic System Neuro,NEURO,3rd Floor
Tumor Holding Forcep Set (Long) - Neuro (Aesculap),NEURO,3rd Floor
Tumor Holding Forcep Set (Short) - Neuro (Aesculap),NEURO,3rd Floor
Neuro Quadrant Retractor System,NEURO,3rd Floor
Neuro Tracheostomy Set,NEURO,3rd Floor
Twist Drill Craniology Set,NEURO,3rd Floor
Basic Instruments For Ortho Spine Surgery Set,ORTHO SPINE,3rd Floor
Micro Instrument Set Orthospine Cervical,ORTHO SPINE,3rd Floor
Micro Instrument Set for Orthospine Lumbar,ORTHO SPINE,3rd Floor
Ortho Spine Extras Set,ORTHO SPINE,3rd Floor
Medtronic Drill System Ortho,ORTHO SPINE,3rd Floor
Metrx Quadrant Retractor System (Orthospine) Part.,ORTHO SPINE,3rd Floor
Orthospine Surgery Set For Dr. Abhijeet Pawar,ORTHO SPINE,3rd Floor
Cervical Spine Set / Orthospine Lumbar Set,ORTHO SPINE,3rd Floor
Orthospine Black Lumbar Kerrison Punch Set (Medtronic),ORTHO SPINE,3rd Floor
Spine Navigation set Medtronic (NAVLOCK) /(TAPS G DRIVER),ORTHO SPINE,3rd Floor
Spine Navigation set Medtronic (REFERENCING)/(TACTILE PROBE),ORTHO SPINE,3rd Floor
Spine Navigation set MedtroniC (UNIVERSEL DRILL GUIDE),ORTHO SPINE,3rd Floor
Spine Navigation set Medtronic (VERTEX SELECT NST.),ORTHO SPINE,3rd Floor
Thompson MIS Spine Sets (Assessories Set / PLA Dilator Set),ORTHO SPINE,3rd Floor
Thompson MIS Spine Sets (Frame Set No.1 / Frame Set No.2),ORTHO SPINE,3rd Floor
MEDTRONIC SURE TRAK SET,ORTHO SPINE,3rd Floor
Disc Forcep Set (Gesco) Orthospine For Dr. Abhijeet Pawar,ORTHO SPINE,3rd Floor
Disc Forceps Set( Gesco ) For Orthospine 2mm,3mm,4mm,ORTHO SPINE,3rd Floor
Bayonate Kerrison Punch Set (Rebstock) For Dr. Abhijeet Pawar,ORTHO SPINE,3rd Floor
Orthospine Kerrison Punch Set,ORTHO SPINE,3rd Floor
Orthospine Casper Cervical Retractor Set,ORTHO SPINE,3rd Floor
Microdisectomy Set For Orthospine,ORTHO SPINE,3rd Floor
Gesco Suction Tip Set For Orthospine,ORTHO SPINE,3rd Floor
Cloward Retractor Set For Orthospine,ORTHO SPINE,3rd Floor
Chisel set For Orthospine,ORTHO SPINE,3rd Floor
Osteotome Set For Orthospine,ORTHO SPINE,3rd Floor
Dr. Vishal Personal Inst. Sets No.,ORTHO SPINE,3rd Floor
KERRISON PUNCH SET (BILLY) Lumbar / Cervical,ORTHO SPINE,3rd Floor
K2M Set For Dr. Vishal,ORTHO SPINE,3rd Floor
Mahalakshami Set for Dr. Vishal /Bhukha Shaver Set,ORTHO SPINE,3rd Floor
K/S Endoscopic Inst. Set For Dr. Abhijeet Pawar,ORTHO SPINE,3rd Floor
Endoscopic Transforaminal Set (R G Wolf),ORTHO SPINE,3rd Floor
A.O. 4.5mm Cannulated Instrument Set,ORTHO,3rd Floor
A.O. 7.0mm Cannulated Screws & Instrument Set,ORTHO,3rd Floor
A.O. Chisel & Impactor Set,ORTHO,3rd Floor
A.O. Compact Air Drive & Accessories Set,ORTHO,3rd Floor
A.O. DHS DCS Set,ORTHO,3rd Floor
A.O. General Instrument Set,ORTHO,3rd Floor
A.O. Instrument Set For Removal Of Damaged Screws,ORTHO,3rd Floor
A.O. LC-DCP & DCP Basic Instrument Set,ORTHO,3rd Floor
A.O. LCP 3.5mm Instrument Set For Locking Plate,ORTHO,3rd Floor
A.O. LISS 4.5/5.0mm Instrument Set,ORTHO,3rd Floor
A/O MIPO INSTRUMENTS SET,ORTHO,3rd Floor
A.O. Mini Fragment Instrument Set,ORTHO,3rd Floor
A.O. Reduction Forcep Set,ORTHO,3rd Floor
A.O. Simplified Universal Nail Instrument Set,ORTHO,3rd Floor
A.O. Small Fragment LC-DCP Basic Instrument Set,ORTHO,3rd Floor
A.O. Wire Instrument Set,ORTHO,3rd Floor
Depuy Synthes Robotic Surgery Inst. Set,ORTHO,3rd Floor
Hip Prosthesis Set,ORTHO,3rd Floor
Flexible Osteotomes & Spike Set For Ortho Hip Case,ORTHO,3rd Floor
Instruments Set for Dr. Manit Ortho,ORTHO,3rd Floor
Paediatric Instrument Set Ortho Major Set,ORTHO,3rd Floor
Ortho Minor Set,ORTHO,3rd Floor
Steimen Pin Set,ORTHO,3rd Floor
Stryker Drill, Reamer & Saw Set,ORTHO,3rd Floor
Stryker Pneumatic System Set Ortho,ORTHO,3rd Floor
T.K.R. Set,ORTHO,3rd Floor
J. J. International Inst. Set,ORTHO,3rd Floor
Bowl Pack,OTHER,3rd Floor


A.V.Fistula Extras Set,GENERAL,5th Floor
A.V. Fistula Micro Set,GENERAL,5th Floor
Advance Medical System Bipolar Forcep Set,GENERAL,5th Floor
Aesculap Mastoid Retractor Set,GENERAL,5th Floor
Basic Set,GENERAL,5th Floor
Commando Set For Head & Neck,GENERAL,5th Floor
Female Dilator Set,GENERAL,5th Floor
Fine Instrument Set For Plastic Surgery,GENERAL,5th Floor
Hand Surgery Set For Plastic Surgery,GENERAL,5th Floor
Koshima Superfine Micro Instrument Set (Medicon),GENERAL,5th Floor
Laparoscopic General Instrument Set,GENERAL,5th Floor
Laparotomy Set Extras,GENERAL,5th Floor
Liposuction Instrument Set (Medicon),GENERAL,5th Floor
Long Instrument Set For Esophagectomy,GENERAL,5th Floor
Major Basic Set,GENERAL,5th Floor
Manju Surgicraft Instrument Set,GENERAL,5th Floor
Meenu Surgical Micro Instrument Set,GENERAL,5th Floor
Micro Fine Instrument Set For Plastic Surgery,GENERAL,5th Floor
Micro Fine Instrument & Clamp Set,GENERAL,5th Floor
Micro Instrument Set For General Surgery,GENERAL,5th Floor
Minor Surgery Set,GENERAL,5th Floor
Paediatric Basic Set,GENERAL,5th Floor
Paed. Micro Inst. Set (General) For Dr. Gautam,GENERAL,5th Floor
Paed. Minor Surgery Set (General) For Dr. Gautam,GENERAL,5th Floor
Pelvic Tray,GENERAL,5th Floor
Piles Extras Set,GENERAL,5th Floor
Plastic Surgery Set,GENERAL,5th Floor
Reconstruction Surgery Set,GENERAL,5th Floor
Rib Resection Set,GENERAL,5th Floor
S & T Instrument Set,GENERAL,5th Floor
Scanlan Thoracoscopic Instrument Set,GENERAL,5th Floor
Skin Grafting Set,GENERAL,5th Floor
Stryker Multipurpose Drill System (NEW),GENERAL,5th Floor
Ortho Micro Drill System (GENERAL),GENERAL,5th Floor
Thompson Retractor Set,GENERAL,5th Floor
Thompson Retractor Set For Liver Surgery (Donor Set),GENERAL,5th Floor
Thompson Retractor Set For Liver Surgery (Recipient Set),GENERAL,5th Floor
Thoracotomy Set,GENERAL,5th Floor
Tracheostomy Set,GENERAL,5th Floor
Vascular Access Set,GENERAL,5th Floor
Abdominoplasty Set,COSMETOLOGY,5th Floor
Blepheroplasty Set (Cosmetology OT),COSMETOLOGY,5th Floor
Cartilage Harvesting Set Nagata (Cosmetology OT),COSMETOLOGY,5th Floor
Ear Reconstruction Set,COSMETOLOGY,5th Floor
Face & Forehead Lift Set,COSMETOLOGY,5th Floor
Mammaplasty Set (Cosmetology OT Set),COSMETOLOGY,5th Floor
Rhinoplasty Gubisch Set,COSMETOLOGY,5th Floor
Abdohysterectomy Set,GYNAECOLOGY,5th Floor
D & C Set,GYNAECOLOGY,5th Floor
Gynaec Instrument Set,GYNAECOLOGY,5th Floor
K/S Gynaec Hysteroscopy Set,GYNAECOLOGY,5th Floor
Vaginal Hysterectomy Set,GYNAECOLOGY,5th Floor
Liver Donor Set,LIVER,5th Floor
Liver Recipient Set,LIVER,5th Floor
Liver Surgery Set,LIVER,5th Floor
Liver Re-Exploration Set,LIVER,5th Floor
Benching Set,LIVER,5th Floor
Thompson Retractor Set For Liver Surgery (Donor Set),LIVER,5th Floor
Thompson Retractor Set For Liver Surgery (Recipient Set),LIVER,5th Floor
Thompson Retractor Set For Liver Surgery (Donor Set) (Radiolucent Blade),LIVER,5th Floor
Thompson Retractor Set For Liver Surgery (Recipient Set) (Radiolucent Blade),LIVER,5th Floor
Monopolar & Bipolar Forceps Set For Liver Transplant (Donor),LIVER,5th Floor
Monopolar & Bipolar Forceps Set For Liver Transplant (Recipient),LIVER,5th Floor
Micro Surgery Set For Liver Transplant (Donor),LIVER,5th Floor
Micro Surgery Set For Liver Transplant (Recipient),LIVER,5th Floor
Micro Instruments Set For Liver Surgery,LIVER,5th Floor
Extra Inst. Set For Liver Surgery,LIVER,5th Floor
Clamp Set For Liver Transplant (Donor) New,LIVER,5th Floor
Clamp Set For Liver Transplant (Recipient) New,LIVER,5th Floor
Dental Elevator & Molar Extractor Set,DENTAL,5th Floor
Dental Extraction Set (Upper Teeth),DENTAL,5th Floor
Bein Air System For ENT,ENT,5th Floor
Tympanoplasty Set,ENT,5th Floor
Ear Major Set,ENT,5th Floor
Facio Maxillary Fracture Set,ENT,5th Floor
Fine Instrument Set For ENT OPD,ENT,5th Floor
K/S DL Scopy Set For Phono Surgery,ENT,5th Floor
K/S DL Scopy Set,ENT,5th Floor
K/S Fess ENT Set,ENT,5th Floor
K/S Micro Drill & Saw System,ENT,5th Floor
K/S Cochlear Implant Instruments Set,ENT,5th Floor
NEW MED EL Cochlear Implant Set (INST.14),ENT,5th Floor
Laryngeal Instrument Set,ENT,5th Floor
ENT Stand For Dr. Badhwar,ENT,5th Floor
Rhinoplasty Set,ENT,5th Floor
Septo Rhinoplasty Instrument Set,ENT,5th Floor
SMR Septoplasty Instrument Set,ENT,5th Floor
Stryker ENT Electrical Drill System,ENT,5th Floor
Stapedectomy Set ENT,ENT,5th Floor
Thyroid Set,ENT,5th Floor
Tonsillectomy Instrument Set,ENT,5th Floor
Avastin Injection Set,OPHTHALMOLOGY,5th Floor
Cataract Set Phaco,OPHTHALMOLOGY,5th Floor
Chalazian Set,OPHTHALMOLOGY,5th Floor
DCR Set,OPHTHALMOLOGY,5th Floor
ECCE Set,OPHTHALMOLOGY,5th Floor
Eye Enucleation Set,OPHTHALMOLOGY,5th Floor
Special Phaco Inst. Tray (Epsilon),OPHTHALMOLOGY,5th Floor
Intravitreal Injection Set,OPHTHALMOLOGY,5th Floor
Opthal Preparation Tray,OPHTHALMOLOGY,5th Floor
Phaco Set Indogerman,OPHTHALMOLOGY,5th Floor
Pyterium Set,OPHTHALMOLOGY,5th Floor
Tarsorrhaphy Set,OPHTHALMOLOGY,5th Floor
V.R. Set,OPHTHALMOLOGY,5th Floor
Vitrectomy Set,OPHTHALMOLOGY,5th Floor
Book Walter Retractor Set Codman/Kallelker,UROLOGY,5th Floor
Cystoscopy Set,UROLOGY,5th Floor
K/S Cystoscopy, TURP, VIU Instrument Set,UROLOGY,5th Floor
K/S P.C.N.L Instrument Set,UROLOGY,5th Floor
K/S URS Instrument Set,UROLOGY,5th Floor
Kidney Transplant Set (Donor),UROLOGY,5th Floor
Kidney Transplant Set (Recipient),UROLOGY,5th Floor
Trans Gender Set,UROLOGY,5th Floor
Turp Urology Inst. Set (R & Wolf),UROLOGY,5th Floor
K/S Bariatric Lap General Instrument Set,LAPAROSCOPY,5th Floor
K/S Gynaec Hysteroscopy Set,LAPAROSCOPY,5th Floor
K/S Lap Thoracoscopy Set,LAPAROSCOPY,5th Floor
K/S Mediastinoscopy Lap Set,LAPAROSCOPY,5th Floor
K/S Morcellator Set,LAPAROSCOPY,5th Floor
K/S Neonatal G Paediatric Bronchoscopy Instrument Set,LAPAROSCOPY,5th Floor
K/S Neonatal G Paediatric Urology Instrument Set,LAPAROSCOPY,5th Floor
K/S Neonatal Laproscopy Instrument Set,LAPAROSCOPY,5th Floor
K/S Paediatric Laproscopy Instrument Set,LAPAROSCOPY,5th Floor
K/S Rigid Bronchoscopy Set,LAPAROSCOPY,5th Floor
K/S Tracheoscopy & Bronchoscopy Set,LAPAROSCOPY,5th Floor
OM Surgical Laproscopy Instrument Set,LAPAROSCOPY,5th Floor
K/S Lap Set 5mm For Dr. Yuvraja,ROBOTIC,5th Floor
Si Robotic Surgery Instruments Set No.XI,ROBOTIC,5th Floor
Robotic Surgery Instruments Set No.,ROBOTIC,5th Floor
Robotic Surgery Extras Set,ROBOTIC,5th Floor
Robotic Telescope O deg / 30 deg,ROBOTIC,5th Floor
Robotic Endoscope Plus O deg / 30 deg,ROBOTIC,5th Floor
Inst. Set For Dr. Amol Ghalme,DR. PERSONAL,5th Floor
Inst. Set For Dr. Sameer Vora Personal (Plastic Surgery),DR. PERSONAL,5th Floor
Dr. Gursev's Personal Inst. Set,DR. PERSONAL,5th Floor
Dr. Rajesh Mistry Personal Inst. Set,DR. PERSONAL,5th Floor
Bowl Pack,OTHER,5th Floor