Vehicle,FlatNumber
DL25M8883,F706
MH01AW0076,F803
MH01DV7905,F803
MH01BL4073,F1001
MH01CY4916,F1101
MH01DV4548,F1101
MH01AS7283,F1103
MH01BW8739,F1201
MH01AJ1280,F1201
MH01CW1103,F1202
MH01DN8388,F1202
MH01DS8388,F1202
MH01DF8883,F1402
MH47AG8208,F1501
MH01CS1389,F1501
MH01DF8922,F1501
MH02FT6906,F301
MH01VE9542,F1404
KL250825,F702
MH01BV4719,F1503
MH01DC4468,F1103
MH01EC4345,F303
MH01EG4466,F1404
MH01BR3809,F1303
MH01DH8262,F1202
MH01EC1731,F103
MH01EC6173,F103
MH01ED5928,F104
MH01BV9157,F105
MH01BS5970,F406
MH01BN6173,F204
MH01CZ8751,F204
MH46BC6962,F205
MH01CW8808,F206
MH01AY3291,F306
MH45P6581,F401
MHGJ10CE1771,F403
MH01Z4903,F403
MH01CW5160,F403
MH46DZ5084,F403
MH46AS5358,F404
MH01DM3960,F405
MH01CB5008,F405
MH01CZ0743,F504
MH01CX9174,F505
MH46BR6433,F506
MH46BX7368,F506
MH01RA3013,F601
MH14E7323,F601
MH14BS7612,F605
MH43BS6225,F606
JK02AJ9532,F701
MH01EG1167,F701
KL25P0885,F702
PB12N9278,F502
DL95BC4754,F402
DL95AY2413,F501
MH01ED1470,F203
MH01DD9066,F705
MH01DE8241,F1104
MH01DD0634,F1105
MHED4100,F1203
MH01AS5210,F1203
MH01CX5210,F1204
MH01DM8542,F1304
MH01BZ7329,F1502
MH47BE1895,F305
GJ10CE2279,F602
MH01BF2532,F101
AQ7283,F1103
23BH1092B,F104
CP9561,FRELIANCE
MH01DB6179,F504
MH03EH6869,F705
MHO1BG4866,F202
MHO1DK7850,F1401
MHO1DT9906,F506
MHO4KW271,F301
MHO1CW8883,F1402
MH48AC1167,F601
MHO1DP1190,F302
MHO1CG9909,F1404
MH46AV426,F603
MHO1DE4063,F302
MHO1BG9909,F1404
MHO1DK7402,F606
MH12TM1329,F703
MHO1EH9990,F1404
HR48B1449,F702
MHO2FU1416,F706
MHO1EF9192,F1501
MHBRO1AS79,F92
MHO1DP2491,F302
MHO1DJ5133,F904
MHO5DY0011,F803
MHO1BR0920,F1202
MHO1CT3524,F1104
MHO1MA391,F806
MHO1DR9783,F705
MHO1DT7640,F1105
MHO1CP8369,F901
MHO2EK2721,F806
MH46P7467,F1203
MHO1DK5369,F901
22BH6747E,F1203
MHO1DB4743,F1001
MH02BB8205,F103
MH46X4215,F1204
MHO1DB4868,F1001
MH46P3291,F204
MHGJ1ORJ58,F65
MHO1DK8446,F1001
MH46AZ1467,F206
MH46Z5769,F1302
MHO1BK3371,F1004
MH02CB3463,F305
MHO1DK8858,F1303
MHO1CT9723,F1101
MH46N9366,F306
MHO4FP4440,F1304
MH14EY4814,F1103
MHO1EB8306,F401
MHO1DE9438,F1502
MHO1CS2772,F1202
MH46P7524,F403
MH46Z2847,F1503
MHO1DE0713,F1202
MH46AL6027,F503
21BH3965A,F1504
MH01DU4729,F'manager
MH01BW8274,F'wire man
MH01EV9273,F'dilip ....paanchal--1101 
MH11BF2532,F101
